word,similarity
cancer,0.8361754417419434
education,0.7479159235954285
infrastructure,0.7547926306724548
isis,0.7139191627502441
kurd,0.8696524500846863
service,0.7839387059211731
terrorism,0.7597453594207764
usmca,0.6653234958648682
veteran,0.6913097500801086
